arm,concurrency,run,completed,output_throughput,median_tpot_ms,interactivity_tok_s_user,p99_tpot_ms,median_ttft_ms,spec_decode_acceptance_length,spec_decode_draft_tokens,spec_decode_num_drafts,result_path
adaptive_k1,1,0,16,179.17096152687927,5.479966537343564,182.48286612435302,6.249864274920514,26.13108465448022,1.6252802870139023,15609,15609,/home/tomasruizt/code/vllm-scripts/experiments/adaptive_k/results/qwen3_32b_fp8_tp2_complete/SERVE--adaptive_k1-BENCH--c1/run=0.json
adaptive_k1,1,1,16,179.1001070673493,5.480864917396276,182.45295497540874,6.265383972166743,29.70755845308304,1.6246557796990073,15615,15615,/home/tomasruizt/code/vllm-scripts/experiments/adaptive_k/results/qwen3_32b_fp8_tp2_complete/SERVE--adaptive_k1-BENCH--c1/run=1.json
adaptive_k1,1,2,16,179.71831625709822,5.503026489213903,181.71818761185867,6.106086196851042,25.36414097994566,1.6294642857142856,15904,15904,/home/tomasruizt/code/vllm-scripts/experiments/adaptive_k/results/qwen3_32b_fp8_tp2_complete/SERVE--adaptive_k1-BENCH--c1/run=2.json
adaptive_k1,8,0,48,914.5148054844583,8.324216498604677,120.13142620300927,8.85428300594169,47.86311695352197,1.1876425699515878,60935,60935,/home/tomasruizt/code/vllm-scripts/experiments/adaptive_k/results/qwen3_32b_fp8_tp2_complete/SERVE--adaptive_k1-BENCH--c8/run=0.json
adaptive_k1,8,1,48,919.9958080786819,8.272036828128218,120.88921033325214,8.737414059368657,48.054554499685764,1.196087786259542,60784,60784,/home/tomasruizt/code/vllm-scripts/experiments/adaptive_k/results/qwen3_32b_fp8_tp2_complete/SERVE--adaptive_k1-BENCH--c8/run=1.json
adaptive_k1,8,2,48,907.8468864575723,8.282720274777915,120.73328167862255,8.692465130797999,42.2561801970005,1.1923871348480377,61002,61002,/home/tomasruizt/code/vllm-scripts/experiments/adaptive_k/results/qwen3_32b_fp8_tp2_complete/SERVE--adaptive_k1-BENCH--c8/run=2.json
adaptive_k1,16,0,64,1750.465633383685,7.852793574616941,127.34321748025575,8.839449189916348,56.040970142930746,1.4020318897692814,71559,71559,/home/tomasruizt/code/vllm-scripts/experiments/adaptive_k/results/qwen3_32b_fp8_tp2_complete/SERVE--adaptive_k1-BENCH--c16/run=0.json
adaptive_k1,16,1,64,1753.094605256813,7.87636404123359,126.96213567134473,8.839709245885071,57.263942901045084,1.3906401484723414,72202,72202,/home/tomasruizt/code/vllm-scripts/experiments/adaptive_k/results/qwen3_32b_fp8_tp2_complete/SERVE--adaptive_k1-BENCH--c16/run=1.json
adaptive_k1,16,2,64,1750.5467210589225,7.84189685503458,127.52016743984454,8.919169723889306,55.73477176949382,1.3887756092824546,72093,72093,/home/tomasruizt/code/vllm-scripts/experiments/adaptive_k/results/qwen3_32b_fp8_tp2_complete/SERVE--adaptive_k1-BENCH--c16/run=2.json
adaptive_k1,32,0,96,2866.159091160152,8.999588530555581,111.1161912130516,10.400032778473003,70.66534413024783,1.4443885456704164,99386,99386,/home/tomasruizt/code/vllm-scripts/experiments/adaptive_k/results/qwen3_32b_fp8_tp2_complete/SERVE--adaptive_k1-BENCH--c32/run=0.json
adaptive_k1,32,1,96,2867.902291719588,8.970082595798308,111.48169365446108,10.550893846937104,70.11811435222626,1.4365724136564488,100934,100934,/home/tomasruizt/code/vllm-scripts/experiments/adaptive_k/results/qwen3_32b_fp8_tp2_complete/SERVE--adaptive_k1-BENCH--c32/run=1.json
adaptive_k1,32,2,96,2862.5646786117063,9.039936430008517,110.62024691683123,10.562631522120805,69.79128066450357,1.4382254040568392,101409,101409,/home/tomasruizt/code/vllm-scripts/experiments/adaptive_k/results/qwen3_32b_fp8_tp2_complete/SERVE--adaptive_k1-BENCH--c32/run=2.json
adaptive_k1,64,0,160,4605.155754392321,11.343457562208197,88.15654261638838,13.273100830481715,78.23250675573945,1.384093023255814,172000,172000,/home/tomasruizt/code/vllm-scripts/experiments/adaptive_k/results/qwen3_32b_fp8_tp2_complete/SERVE--adaptive_k1-BENCH--c64/run=0.json
adaptive_k1,64,1,160,4601.015984200654,11.302707077409003,88.47437991193493,13.323005050357974,80.90913388878107,1.3833813556855554,171795,171795,/home/tomasruizt/code/vllm-scripts/experiments/adaptive_k/results/qwen3_32b_fp8_tp2_complete/SERVE--adaptive_k1-BENCH--c64/run=1.json
adaptive_k1,64,2,160,4627.4914472694845,11.284046036975903,88.62069480425458,13.515173598555478,79.87565454095602,1.386258660508083,176664,176664,/home/tomasruizt/code/vllm-scripts/experiments/adaptive_k/results/qwen3_32b_fp8_tp2_complete/SERVE--adaptive_k1-BENCH--c64/run=2.json
adaptive_k1,128,0,256,6588.26677289863,14.777722717533434,67.66942506056921,16.980295000528496,193.2784761302173,1.5482512992844284,246097,246097,/home/tomasruizt/code/vllm-scripts/experiments/adaptive_k/results/qwen3_32b_fp8_tp2_complete/SERVE--adaptive_k1-BENCH--c128/run=0.json
adaptive_k1,128,1,256,6727.380914613817,14.892873086017877,67.14621109199182,17.249621418113005,203.97113356739283,1.5543351828059837,246737,246737,/home/tomasruizt/code/vllm-scripts/experiments/adaptive_k/results/qwen3_32b_fp8_tp2_complete/SERVE--adaptive_k1-BENCH--c128/run=1.json
adaptive_k1,128,2,256,6661.8190163708,15.02211430980575,66.56852553353596,17.156099265548278,184.90374833345413,1.546441644726098,251057,251057,/home/tomasruizt/code/vllm-scripts/experiments/adaptive_k/results/qwen3_32b_fp8_tp2_complete/SERVE--adaptive_k1-BENCH--c128/run=2.json
adaptive_k2,1,0,16,203.66920950317774,4.762566962799335,209.97080100102602,5.946895453605996,27.126606088131666,1.9461041429114405,26310,13155,/home/tomasruizt/code/vllm-scripts/experiments/adaptive_k/results/qwen3_32b_fp8_tp2_complete/SERVE--adaptive_k2-BENCH--c1/run=0.json
adaptive_k2,1,1,16,203.9567658606818,4.707679157627575,212.41889400635108,5.836179821012247,25.895490311086178,1.9424630391708582,26244,13122,/home/tomasruizt/code/vllm-scripts/experiments/adaptive_k/results/qwen3_32b_fp8_tp2_complete/SERVE--adaptive_k2-BENCH--c1/run=1.json
adaptive_k2,1,2,16,208.2137381628523,4.711500261671898,212.24661879677902,5.509134549024959,25.681116618216038,1.981840471994483,26102,13051,/home/tomasruizt/code/vllm-scripts/experiments/adaptive_k/results/qwen3_32b_fp8_tp2_complete/SERVE--adaptive_k2-BENCH--c1/run=2.json
adaptive_k2,8,0,48,1143.4087039893836,6.246375989469458,160.09282849541307,8.190779023668076,42.11841290816665,1.6772414108814577,87378,43689,/home/tomasruizt/code/vllm-scripts/experiments/adaptive_k/results/qwen3_32b_fp8_tp2_complete/SERVE--adaptive_k2-BENCH--c8/run=0.json
adaptive_k2,8,1,48,1149.6244245361006,6.198350343540216,161.33324910267098,7.435761029460117,44.07996591180563,1.6680501795457725,85772,42886,/home/tomasruizt/code/vllm-scripts/experiments/adaptive_k/results/qwen3_32b_fp8_tp2_complete/SERVE--adaptive_k2-BENCH--c8/run=1.json
adaptive_k2,8,2,48,1164.0312722857761,6.0949930297888715,164.06909657034336,7.547527836945881,44.58134947344661,1.6733755571193996,85260,42630,/home/tomasruizt/code/vllm-scripts/experiments/adaptive_k/results/qwen3_32b_fp8_tp2_complete/SERVE--adaptive_k2-BENCH--c8/run=2.json
adaptive_k2,16,0,64,1884.8958026208031,7.142907603048343,139.99901098723927,8.753734069321764,64.75624162703753,1.6350226748349113,125690,62845,/home/tomasruizt/code/vllm-scripts/experiments/adaptive_k/results/qwen3_32b_fp8_tp2_complete/SERVE--adaptive_k2-BENCH--c16/run=0.json
adaptive_k2,16,1,64,1894.2502493610164,7.153857935568055,139.78471602408115,8.713769832599597,57.260454166680574,1.643439450583837,121438,60719,/home/tomasruizt/code/vllm-scripts/experiments/adaptive_k/results/qwen3_32b_fp8_tp2_complete/SERVE--adaptive_k2-BENCH--c16/run=1.json
adaptive_k2,16,2,64,1914.89961215656,7.133677171868089,140.18015897096322,8.719533182499479,57.68059520050883,1.6373198034952083,124170,62085,/home/tomasruizt/code/vllm-scripts/experiments/adaptive_k/results/qwen3_32b_fp8_tp2_complete/SERVE--adaptive_k2-BENCH--c16/run=2.json
adaptive_k2,32,0,96,3088.334181878046,8.411579753141694,118.88373282396849,10.629059339589565,71.8645490705967,1.6021153867609814,179258,89629,/home/tomasruizt/code/vllm-scripts/experiments/adaptive_k/results/qwen3_32b_fp8_tp2_complete/SERVE--adaptive_k2-BENCH--c32/run=0.json
adaptive_k2,32,1,96,3169.479767601216,8.563438254582792,116.77552523542073,10.434135654975018,71.67714508250356,1.6099460155954946,180052,90026,/home/tomasruizt/code/vllm-scripts/experiments/adaptive_k/results/qwen3_32b_fp8_tp2_complete/SERVE--adaptive_k2-BENCH--c32/run=1.json
adaptive_k2,32,2,96,3101.608080842717,8.426029613366667,118.67985823520556,10.465685266051784,71.66779786348343,1.6052860647305531,176918,88459,/home/tomasruizt/code/vllm-scripts/experiments/adaptive_k/results/qwen3_32b_fp8_tp2_complete/SERVE--adaptive_k2-BENCH--c32/run=2.json
adaptive_k2,64,0,160,4361.756011945542,12.70071250622328,78.73574018071864,14.728383255516547,86.20409108698368,1.3667496400147343,358348,179174,/home/tomasruizt/code/vllm-scripts/experiments/adaptive_k/results/qwen3_32b_fp8_tp2_complete/SERVE--adaptive_k2-BENCH--c64/run=0.json
adaptive_k2,64,1,160,4247.730974472251,12.831879157054964,77.930908463255,14.76612343499581,84.11972597241402,1.3652589934676604,347808,173904,/home/tomasruizt/code/vllm-scripts/experiments/adaptive_k/results/qwen3_32b_fp8_tp2_complete/SERVE--adaptive_k2-BENCH--c64/run=1.json
adaptive_k2,64,2,160,4334.443143780361,12.562420318841069,79.60249495077026,14.722493002445969,81.86230063438416,1.370922257623512,349642,174821,/home/tomasruizt/code/vllm-scripts/experiments/adaptive_k/results/qwen3_32b_fp8_tp2_complete/SERVE--adaptive_k2-BENCH--c64/run=2.json
adaptive_k2,128,0,256,6709.308100942618,15.222976538637928,65.69017547007759,18.790405494300614,205.04055358469486,1.8642907717724806,415226,207613,/home/tomasruizt/code/vllm-scripts/experiments/adaptive_k/results/qwen3_32b_fp8_tp2_complete/SERVE--adaptive_k2-BENCH--c128/run=0.json
adaptive_k2,128,1,256,6629.617943835926,15.264976110163389,65.50943760299776,18.77546861483559,225.15120031312108,1.873995105759213,412730,206365,/home/tomasruizt/code/vllm-scripts/experiments/adaptive_k/results/qwen3_32b_fp8_tp2_complete/SERVE--adaptive_k2-BENCH--c128/run=1.json
adaptive_k2,128,2,256,6675.7316675036045,15.047488418304024,66.45627311356378,19.01548163922246,209.11814784631133,1.8747777470943612,412818,206409,/home/tomasruizt/code/vllm-scripts/experiments/adaptive_k/results/qwen3_32b_fp8_tp2_complete/SERVE--adaptive_k2-BENCH--c128/run=2.json
adaptive_k3,1,0,16,207.5414435741112,4.5756404642989335,218.5486398685429,6.256747762009865,28.438601177185774,2.096465629053178,37008,12336,/home/tomasruizt/code/vllm-scripts/experiments/adaptive_k/results/qwen3_32b_fp8_tp2_complete/SERVE--adaptive_k3-BENCH--c1/run=0.json
adaptive_k3,1,1,16,204.6089363189913,4.737347931317661,211.08856991254532,6.341172358605759,27.03438187018037,2.0951575215534604,37233,12411,/home/tomasruizt/code/vllm-scripts/experiments/adaptive_k/results/qwen3_32b_fp8_tp2_complete/SERVE--adaptive_k3-BENCH--c1/run=1.json
adaptive_k3,1,2,16,209.2340383295036,4.675355268998092,213.88748928470105,5.979129267127617,25.983048137277365,2.139744864148443,36216,12072,/home/tomasruizt/code/vllm-scripts/experiments/adaptive_k/results/qwen3_32b_fp8_tp2_complete/SERVE--adaptive_k3-BENCH--c1/run=2.json
adaptive_k3,8,0,48,1207.7674494701876,5.9941949831965085,166.82807329479508,7.424305127660289,44.58107566460967,1.8142133530175375,117861,39287,/home/tomasruizt/code/vllm-scripts/experiments/adaptive_k/results/qwen3_32b_fp8_tp2_complete/SERVE--adaptive_k3-BENCH--c8/run=0.json
adaptive_k3,8,1,48,1195.0868944347062,6.0132290276814215,166.30000211144122,7.526067168164087,44.238108210265636,1.8194898458212143,116553,38851,/home/tomasruizt/code/vllm-scripts/experiments/adaptive_k/results/qwen3_32b_fp8_tp2_complete/SERVE--adaptive_k3-BENCH--c8/run=1.json
adaptive_k3,8,2,48,1254.5173124906642,5.755713834865433,173.7403958380394,7.390659688532728,50.231271889060736,1.8410233325830894,119961,39987,/home/tomasruizt/code/vllm-scripts/experiments/adaptive_k/results/qwen3_32b_fp8_tp2_complete/SERVE--adaptive_k3-BENCH--c8/run=2.json
adaptive_k3,16,0,64,1939.4949415435606,7.092692452729928,140.99018203095878,8.813205073297778,61.76265515387058,1.7129800450214105,177249,59083,/home/tomasruizt/code/vllm-scripts/experiments/adaptive_k/results/qwen3_32b_fp8_tp2_complete/SERVE--adaptive_k3-BENCH--c16/run=0.json
adaptive_k3,16,1,64,1916.043540298526,7.173724714168044,139.39759885474956,9.074927639988724,59.6753335557878,1.7072365578388842,173577,57859,/home/tomasruizt/code/vllm-scripts/experiments/adaptive_k/results/qwen3_32b_fp8_tp2_complete/SERVE--adaptive_k3-BENCH--c16/run=1.json
adaptive_k3,16,2,64,1925.6700611709105,7.202835583331349,138.83421166993998,9.09411954115685,59.02769323438406,1.7012944706386626,174975,58325,/home/tomasruizt/code/vllm-scripts/experiments/adaptive_k/results/qwen3_32b_fp8_tp2_complete/SERVE--adaptive_k3-BENCH--c16/run=2.json
adaptive_k3,32,0,96,3089.2147369243744,8.627383148581275,115.91000223102928,10.752932475484887,73.5789523459971,1.6505021916957165,260757,86919,/home/tomasruizt/code/vllm-scripts/experiments/adaptive_k/results/qwen3_32b_fp8_tp2_complete/SERVE--adaptive_k3-BENCH--c32/run=0.json
adaptive_k3,32,1,96,3116.871788506817,8.556721894033194,116.86718493180477,10.546509536077837,74.71686322242022,1.6481072609337284,262239,87413,/home/tomasruizt/code/vllm-scripts/experiments/adaptive_k/results/qwen3_32b_fp8_tp2_complete/SERVE--adaptive_k3-BENCH--c32/run=1.json
adaptive_k3,32,2,96,3114.5236043690315,8.6446555469508,115.67840899718979,10.576760638249459,73.7839606590569,1.6404892869647718,265611,88537,/home/tomasruizt/code/vllm-scripts/experiments/adaptive_k/results/qwen3_32b_fp8_tp2_complete/SERVE--adaptive_k3-BENCH--c32/run=2.json
adaptive_k3,64,0,160,4179.305773883811,13.397128615890075,74.64286032261565,15.781259528803947,88.07991864159703,1.4106296348446448,511344,170448,/home/tomasruizt/code/vllm-scripts/experiments/adaptive_k/results/qwen3_32b_fp8_tp2_complete/SERVE--adaptive_k3-BENCH--c64/run=0.json
adaptive_k3,64,1,160,4162.015066092887,13.431443396221065,74.45216202760083,15.594721284331447,84.90935759618878,1.406915736063997,520899,173633,/home/tomasruizt/code/vllm-scripts/experiments/adaptive_k/results/qwen3_32b_fp8_tp2_complete/SERVE--adaptive_k3-BENCH--c64/run=1.json
adaptive_k3,64,2,160,4187.190861888249,13.424104089376394,74.49286696096038,15.883081304052343,90.84057155996561,1.4113965608011783,507153,169051,/home/tomasruizt/code/vllm-scripts/experiments/adaptive_k/results/qwen3_32b_fp8_tp2_complete/SERVE--adaptive_k3-BENCH--c64/run=2.json
adaptive_k3,128,0,256,6602.072194546037,15.289907509708039,65.40261930067719,19.680932572583394,206.98951184749603,2.0184079888265236,573501,191167,/home/tomasruizt/code/vllm-scripts/experiments/adaptive_k/results/qwen3_32b_fp8_tp2_complete/SERVE--adaptive_k3-BENCH--c128/run=0.json
adaptive_k3,128,1,256,6503.739486127288,15.399225100437983,64.93833251204038,19.894289806563428,225.34945234656334,2.040276626055155,564372,188124,/home/tomasruizt/code/vllm-scripts/experiments/adaptive_k/results/qwen3_32b_fp8_tp2_complete/SERVE--adaptive_k3-BENCH--c128/run=1.json
adaptive_k3,128,2,256,6456.101000425863,15.424203573884498,64.8331691947551,20.085619460823,224.69425946474075,2.0346835321328793,561621,187207,/home/tomasruizt/code/vllm-scripts/experiments/adaptive_k/results/qwen3_32b_fp8_tp2_complete/SERVE--adaptive_k3-BENCH--c128/run=2.json
adaptive_k4,1,0,16,172.09847243258312,5.665968087636024,176.4923459738764,7.149724159226855,26.453152298927307,1.7713426853707415,59880,14970,/home/tomasruizt/code/vllm-scripts/experiments/adaptive_k/results/qwen3_32b_fp8_tp2_complete/SERVE--adaptive_k4-BENCH--c1/run=0.json
adaptive_k4,1,1,16,164.07653321646444,6.013483527040451,166.2929640537574,6.961783196463292,27.51641906797886,1.7398285481017826,58792,14698,/home/tomasruizt/code/vllm-scripts/experiments/adaptive_k/results/qwen3_32b_fp8_tp2_complete/SERVE--adaptive_k4-BENCH--c1/run=1.json
adaptive_k4,1,2,16,171.74614199396282,5.760855446008295,173.58533109746773,6.3779586615590835,26.392626576125622,1.757749395926821,57940,14485,/home/tomasruizt/code/vllm-scripts/experiments/adaptive_k/results/qwen3_32b_fp8_tp2_complete/SERVE--adaptive_k4-BENCH--c1/run=2.json
adaptive_k4,8,0,48,1196.6107017933034,6.027632110861813,165.9026267044395,7.7204699812338164,51.39498971402645,1.8847568239498629,154456,38614,/home/tomasruizt/code/vllm-scripts/experiments/adaptive_k/results/qwen3_32b_fp8_tp2_complete/SERVE--adaptive_k4-BENCH--c8/run=0.json
adaptive_k4,8,1,48,1241.0031562885233,5.950615304993343,168.04984841834246,7.688369590235836,46.83769028633833,1.8835576060489556,156060,39015,/home/tomasruizt/code/vllm-scripts/experiments/adaptive_k/results/qwen3_32b_fp8_tp2_complete/SERVE--adaptive_k4-BENCH--c8/run=1.json
adaptive_k4,8,2,48,1215.6972831983041,5.95811091664975,167.8384330183468,7.416592789149621,45.739058405160904,1.8691842105263157,152000,38000,/home/tomasruizt/code/vllm-scripts/experiments/adaptive_k/results/qwen3_32b_fp8_tp2_complete/SERVE--adaptive_k4-BENCH--c8/run=2.json
adaptive_k4,16,0,64,1873.645445111938,7.3294008326314986,136.43680061102168,9.222676264764544,61.59218680113554,1.7244228099343537,233372,58343,/home/tomasruizt/code/vllm-scripts/experiments/adaptive_k/results/qwen3_32b_fp8_tp2_complete/SERVE--adaptive_k4-BENCH--c16/run=0.json
adaptive_k4,16,1,64,1858.4978786601969,7.412842136209371,134.90102468462382,9.360130626224182,61.34263752028346,1.7042545180722892,233728,58432,/home/tomasruizt/code/vllm-scripts/experiments/adaptive_k/results/qwen3_32b_fp8_tp2_complete/SERVE--adaptive_k4-BENCH--c16/run=1.json
adaptive_k4,16,2,64,1897.603664666755,7.36007492208574,135.8681821294034,9.27016104127016,63.81943775340915,1.7137642296114322,231208,57802,/home/tomasruizt/code/vllm-scripts/experiments/adaptive_k/results/qwen3_32b_fp8_tp2_complete/SERVE--adaptive_k4-BENCH--c16/run=2.json
adaptive_k4,32,0,96,3040.3735718945272,8.571414337085596,116.66686041221224,10.92379990052248,75.62400586903095,1.6890777246347572,337036,84259,/home/tomasruizt/code/vllm-scripts/experiments/adaptive_k/results/qwen3_32b_fp8_tp2_complete/SERVE--adaptive_k4-BENCH--c32/run=0.json
adaptive_k4,32,1,96,3064.2072661451925,8.565014226079684,116.75403841771698,11.062482774796528,75.96511114388704,1.6879056467210098,337116,84279,/home/tomasruizt/code/vllm-scripts/experiments/adaptive_k/results/qwen3_32b_fp8_tp2_complete/SERVE--adaptive_k4-BENCH--c32/run=1.json
adaptive_k4,32,2,96,3045.885022739009,8.593849233450301,116.36229270902801,11.11816786146351,75.24870429188013,1.6956796480059912,341824,85456,/home/tomasruizt/code/vllm-scripts/experiments/adaptive_k/results/qwen3_32b_fp8_tp2_complete/SERVE--adaptive_k4-BENCH--c32/run=2.json
adaptive_k4,64,0,160,5179.893467329691,10.10025967860594,99.00735543643192,12.638335785424985,99.32189900428057,2.069074252899102,468076,117019,/home/tomasruizt/code/vllm-scripts/experiments/adaptive_k/results/qwen3_32b_fp8_tp2_complete/SERVE--adaptive_k4-BENCH--c64/run=0.json
adaptive_k4,64,1,160,5075.9316005270575,10.140235752031405,98.61703657133108,13.244078360901964,98.08960184454918,2.0831402809235513,464468,116117,/home/tomasruizt/code/vllm-scripts/experiments/adaptive_k/results/qwen3_32b_fp8_tp2_complete/SERVE--adaptive_k4-BENCH--c64/run=1.json
adaptive_k4,64,2,160,5110.570995357294,10.19169478173354,98.11910790267079,13.373067097885837,99.43194687366486,2.092544372636234,468532,117133,/home/tomasruizt/code/vllm-scripts/experiments/adaptive_k/results/qwen3_32b_fp8_tp2_complete/SERVE--adaptive_k4-BENCH--c64/run=2.json
adaptive_k4,128,0,256,6592.050140602343,15.497263135084708,64.52752278149492,20.440059184044095,218.14325964078307,2.123405281827203,729596,182399,/home/tomasruizt/code/vllm-scripts/experiments/adaptive_k/results/qwen3_32b_fp8_tp2_complete/SERVE--adaptive_k4-BENCH--c128/run=0.json
adaptive_k4,128,1,256,6521.02574322397,15.663516821688233,63.84262304461322,20.578694234095092,220.8718997426331,2.1265331905193485,728220,182055,/home/tomasruizt/code/vllm-scripts/experiments/adaptive_k/results/qwen3_32b_fp8_tp2_complete/SERVE--adaptive_k4-BENCH--c128/run=1.json
adaptive_k4,128,2,256,6471.290065781031,15.772323961278083,63.402197574374874,20.48276448679217,211.42930909991264,2.1342866794279924,710480,177620,/home/tomasruizt/code/vllm-scripts/experiments/adaptive_k/results/qwen3_32b_fp8_tp2_complete/SERVE--adaptive_k4-BENCH--c128/run=2.json
adaptive_k5,1,0,16,175.60871089599598,5.558434359413409,179.90677506274116,7.020052858959067,27.882208116352558,1.8678917667486616,69110,13822,/home/tomasruizt/code/vllm-scripts/experiments/adaptive_k/results/qwen3_32b_fp8_tp2_complete/SERVE--adaptive_k5-BENCH--c1/run=0.json
adaptive_k5,1,1,16,174.33663520831547,5.6179135973675836,178.00202560405617,6.674255885284453,27.914251666516066,1.8492007356061677,70690,14138,/home/tomasruizt/code/vllm-scripts/experiments/adaptive_k/results/qwen3_32b_fp8_tp2_complete/SERVE--adaptive_k5-BENCH--c1/run=1.json
adaptive_k5,1,2,16,175.96701267179833,5.579448838871928,179.2291727872862,6.459058530703296,25.25759255513549,1.8627162569167193,71385,14277,/home/tomasruizt/code/vllm-scripts/experiments/adaptive_k/results/qwen3_32b_fp8_tp2_complete/SERVE--adaptive_k5-BENCH--c1/run=2.json
adaptive_k5,8,0,48,1199.5716707820932,6.096516626431599,164.02809362718295,7.809575997930599,45.411961153149605,1.8930141046606703,195680,39136,/home/tomasruizt/code/vllm-scripts/experiments/adaptive_k/results/qwen3_32b_fp8_tp2_complete/SERVE--adaptive_k5-BENCH--c8/run=0.json
adaptive_k5,8,1,48,1189.9769777106958,6.170005302550634,162.07441500684084,7.883791143495933,46.49865999817848,1.893024727157695,189670,37934,/home/tomasruizt/code/vllm-scripts/experiments/adaptive_k/results/qwen3_32b_fp8_tp2_complete/SERVE--adaptive_k5-BENCH--c8/run=1.json
adaptive_k5,8,2,48,1224.3529442148858,5.97945335422027,167.23936800915166,7.845153964617057,44.989879708737135,1.9361455748552523,181350,36270,/home/tomasruizt/code/vllm-scripts/experiments/adaptive_k/results/qwen3_32b_fp8_tp2_complete/SERVE--adaptive_k5-BENCH--c8/run=2.json
adaptive_k5,16,0,64,1843.0355400873423,7.520617252014646,132.96780922232372,9.60508212804804,62.199545092880726,1.7452947241493804,286115,57223,/home/tomasruizt/code/vllm-scripts/experiments/adaptive_k/results/qwen3_32b_fp8_tp2_complete/SERVE--adaptive_k5-BENCH--c16/run=0.json
adaptive_k5,16,1,64,1827.0812826326314,7.596454268951983,131.6403633320314,9.333237115720797,63.375018537044525,1.749189381792268,280650,56130,/home/tomasruizt/code/vllm-scripts/experiments/adaptive_k/results/qwen3_32b_fp8_tp2_complete/SERVE--adaptive_k5-BENCH--c16/run=1.json
adaptive_k5,16,2,64,1852.0903403048605,7.56797888033394,132.13567529880245,9.52973595748937,63.13470844179392,1.7445183585313175,289375,57875,/home/tomasruizt/code/vllm-scripts/experiments/adaptive_k/results/qwen3_32b_fp8_tp2_complete/SERVE--adaptive_k5-BENCH--c16/run=2.json
adaptive_k5,32,0,96,2966.59394906159,8.875005501565857,112.67598649077631,11.430715015917855,77.34355423599482,1.705834271160339,422075,84415,/home/tomasruizt/code/vllm-scripts/experiments/adaptive_k/results/qwen3_32b_fp8_tp2_complete/SERVE--adaptive_k5-BENCH--c32/run=0.json
adaptive_k5,32,1,96,2992.3724255090838,8.857331321992767,112.90082347004436,11.283150361122907,76.71957975253463,1.7065716342352761,423715,84743,/home/tomasruizt/code/vllm-scripts/experiments/adaptive_k/results/qwen3_32b_fp8_tp2_complete/SERVE--adaptive_k5-BENCH--c32/run=1.json
adaptive_k5,32,2,96,3023.3919983560195,8.87218753980418,112.71177435255964,11.447639898913419,76.85843529179692,1.7061635609042585,420455,84091,/home/tomasruizt/code/vllm-scripts/experiments/adaptive_k/results/qwen3_32b_fp8_tp2_complete/SERVE--adaptive_k5-BENCH--c32/run=2.json
adaptive_k5,64,0,160,5032.070530286227,10.215229666605222,97.89305112435375,13.041126514988363,101.2114305049181,2.096369903261737,570095,114019,/home/tomasruizt/code/vllm-scripts/experiments/adaptive_k/results/qwen3_32b_fp8_tp2_complete/SERVE--adaptive_k5-BENCH--c64/run=0.json
adaptive_k5,64,1,160,5012.467705217217,10.342690314362503,96.68664241172704,13.803549067171414,100.8810130879283,2.104065689190244,576655,115331,/home/tomasruizt/code/vllm-scripts/experiments/adaptive_k/results/qwen3_32b_fp8_tp2_complete/SERVE--adaptive_k5-BENCH--c64/run=1.json
adaptive_k5,64,2,160,4981.297792310781,10.381440639924818,96.32574463261025,13.332398433892587,102.1115155890584,2.0942326817633754,568115,113623,/home/tomasruizt/code/vllm-scripts/experiments/adaptive_k/results/qwen3_32b_fp8_tp2_complete/SERVE--adaptive_k5-BENCH--c64/run=2.json
adaptive_k5,128,0,256,6457.493006034172,15.637146328161252,63.95028728477649,21.123828479700496,226.15276835858822,2.1674237361093804,882790,176558,/home/tomasruizt/code/vllm-scripts/experiments/adaptive_k/results/qwen3_32b_fp8_tp2_complete/SERVE--adaptive_k5-BENCH--c128/run=0.json
adaptive_k5,128,1,256,6372.957118544573,15.840344407785151,63.129940502336794,20.980433255662756,230.11941788718104,2.1495511690215023,873380,174676,/home/tomasruizt/code/vllm-scripts/experiments/adaptive_k/results/qwen3_32b_fp8_tp2_complete/SERVE--adaptive_k5-BENCH--c128/run=1.json
adaptive_k5,128,2,256,6210.302803959269,15.879273790832364,62.97517211255173,21.18659524098288,183.58574621379375,2.143251269715504,877165,175433,/home/tomasruizt/code/vllm-scripts/experiments/adaptive_k/results/qwen3_32b_fp8_tp2_complete/SERVE--adaptive_k5-BENCH--c128/run=2.json
adaptive_k6,1,0,16,179.7434821113912,5.454057227382127,183.34974465971754,6.782351433743046,28.15499436110258,1.974217995393417,80754,13459,/home/tomasruizt/code/vllm-scripts/experiments/adaptive_k/results/qwen3_32b_fp8_tp2_complete/SERVE--adaptive_k6-BENCH--c1/run=0.json
adaptive_k6,1,1,16,183.58553352573747,5.250911279997784,190.44313390121152,6.803803816237535,27.753972448408604,2.084132484487066,74454,12409,/home/tomasruizt/code/vllm-scripts/experiments/adaptive_k/results/qwen3_32b_fp8_tp2_complete/SERVE--adaptive_k6-BENCH--c1/run=1.json
adaptive_k6,1,2,16,190.13286658681287,5.0876248347057045,196.5553735759774,6.444031011784548,27.305314783006907,2.154836606633526,73626,12271,/home/tomasruizt/code/vllm-scripts/experiments/adaptive_k/results/qwen3_32b_fp8_tp2_complete/SERVE--adaptive_k6-BENCH--c1/run=2.json
adaptive_k6,8,0,48,1146.9459187752211,6.204372587932392,161.17665176089145,7.985112454836246,47.25991189479828,1.926552468231345,225222,37537,/home/tomasruizt/code/vllm-scripts/experiments/adaptive_k/results/qwen3_32b_fp8_tp2_complete/SERVE--adaptive_k6-BENCH--c8/run=0.json
adaptive_k6,8,1,48,1149.1181930650266,6.311097233212934,158.45105265331293,8.278534180399634,46.9967694953084,1.9385807990459152,221364,36894,/home/tomasruizt/code/vllm-scripts/experiments/adaptive_k/results/qwen3_32b_fp8_tp2_complete/SERVE--adaptive_k6-BENCH--c8/run=1.json
adaptive_k6,8,2,48,1140.7701799147035,6.430651487981134,155.50523953428305,8.366510634800097,46.58070765435696,1.920201333151952,220530,36755,/home/tomasruizt/code/vllm-scripts/experiments/adaptive_k/results/qwen3_32b_fp8_tp2_complete/SERVE--adaptive_k6-BENCH--c8/run=2.json
adaptive_k6,16,0,64,1795.5145535995432,7.588703760240652,131.7748105070698,9.699659411921463,64.32956364005804,1.737363623808866,347568,57928,/home/tomasruizt/code/vllm-scripts/experiments/adaptive_k/results/qwen3_32b_fp8_tp2_complete/SERVE--adaptive_k6-BENCH--c16/run=0.json
adaptive_k6,16,1,64,1739.9734177123112,8.053747535800142,124.16579928224057,9.989650180771706,64.47131326422095,1.7146332271216638,350244,58374,/home/tomasruizt/code/vllm-scripts/experiments/adaptive_k/results/qwen3_32b_fp8_tp2_complete/SERVE--adaptive_k6-BENCH--c16/run=1.json
adaptive_k6,16,2,64,1747.8630366608952,7.9958481897135245,125.06490572025581,10.015858812888267,63.232320826500654,1.72724226122233,340170,56695,/home/tomasruizt/code/vllm-scripts/experiments/adaptive_k/results/qwen3_32b_fp8_tp2_complete/SERVE--adaptive_k6-BENCH--c16/run=2.json
adaptive_k6,32,0,96,2911.7347360942135,9.080687631163691,110.12381887998606,11.337622125739067,79.19736579060555,1.7132893765918449,504132,84022,/home/tomasruizt/code/vllm-scripts/experiments/adaptive_k/results/qwen3_32b_fp8_tp2_complete/SERVE--adaptive_k6-BENCH--c32/run=0.json
adaptive_k6,32,1,96,2912.0466466403386,9.158583838605464,109.18718631856358,11.666631842788233,78.09856906533241,1.7138054791242971,501540,83590,/home/tomasruizt/code/vllm-scripts/experiments/adaptive_k/results/qwen3_32b_fp8_tp2_complete/SERVE--adaptive_k6-BENCH--c32/run=1.json
adaptive_k6,32,2,96,2952.833828548836,8.949006951600913,111.744242172156,11.37909372664746,78.2183394767344,1.720026123612183,505290,84215,/home/tomasruizt/code/vllm-scripts/experiments/adaptive_k/results/qwen3_32b_fp8_tp2_complete/SERVE--adaptive_k6-BENCH--c32/run=2.json
adaptive_k6,64,0,160,4952.211663369325,10.434721327773369,95.83389614233107,13.282832818529931,102.06571826711297,2.09449412589865,684360,114060,/home/tomasruizt/code/vllm-scripts/experiments/adaptive_k/results/qwen3_32b_fp8_tp2_complete/SERVE--adaptive_k6-BENCH--c64/run=0.json
adaptive_k6,64,1,160,4956.903315613792,10.394297638233763,96.20659661713552,13.934935793088604,102.12819976732135,2.123864226090475,682134,113689,/home/tomasruizt/code/vllm-scripts/experiments/adaptive_k/results/qwen3_32b_fp8_tp2_complete/SERVE--adaptive_k6-BENCH--c64/run=1.json
adaptive_k6,64,2,160,4912.5569921954275,10.496449707430525,95.27030833026252,13.874414118634887,101.68444132432342,2.0919324577861165,690768,115128,/home/tomasruizt/code/vllm-scripts/experiments/adaptive_k/results/qwen3_32b_fp8_tp2_complete/SERVE--adaptive_k6-BENCH--c64/run=2.json
adaptive_k6,128,0,256,6256.913889315284,15.79566202621905,63.308520930627076,21.089799658432256,199.75115498527884,2.172803686719023,1065012,177502,/home/tomasruizt/code/vllm-scripts/experiments/adaptive_k/results/qwen3_32b_fp8_tp2_complete/SERVE--adaptive_k6-BENCH--c128/run=0.json
adaptive_k6,128,1,256,6177.349070039884,16.075634988224348,62.205940899536195,21.222302240937097,212.31731493026018,2.18409333859249,1049598,174933,/home/tomasruizt/code/vllm-scripts/experiments/adaptive_k/results/qwen3_32b_fp8_tp2_complete/SERVE--adaptive_k6-BENCH--c128/run=1.json
adaptive_k6,128,2,256,6134.5607788690995,15.836132741903551,63.14673009490049,21.085151993993396,232.00381360948086,2.1707881333985553,1042590,173765,/home/tomasruizt/code/vllm-scripts/experiments/adaptive_k/results/qwen3_32b_fp8_tp2_complete/SERVE--adaptive_k6-BENCH--c128/run=2.json
adaptive_k7,1,0,16,172.3092873455305,5.613259856635639,178.14960032856195,6.960339186213655,28.333628084510565,1.949423048104301,93422,13346,/home/tomasruizt/code/vllm-scripts/experiments/adaptive_k/results/qwen3_32b_fp8_tp2_complete/SERVE--adaptive_k7-BENCH--c1/run=0.json
adaptive_k7,1,1,16,171.10769658137087,5.748731651287444,173.9514140960202,6.665102282359928,27.122311294078827,1.9327619329097088,94738,13534,/home/tomasruizt/code/vllm-scripts/experiments/adaptive_k/results/qwen3_32b_fp8_tp2_complete/SERVE--adaptive_k7-BENCH--c1/run=1.json
adaptive_k7,1,2,16,174.4499236216292,5.565776738109132,179.66944185039864,6.498445429777606,27.251554187387228,1.968240606106987,91469,13067,/home/tomasruizt/code/vllm-scripts/experiments/adaptive_k/results/qwen3_32b_fp8_tp2_complete/SERVE--adaptive_k7-BENCH--c1/run=2.json
adaptive_k7,8,0,48,1140.288986785858,6.492109590532995,154.03313607925418,8.151925997109625,48.54224342852831,1.9217705412982533,259672,37096,/home/tomasruizt/code/vllm-scripts/experiments/adaptive_k/results/qwen3_32b_fp8_tp2_complete/SERVE--adaptive_k7-BENCH--c8/run=0.json
adaptive_k7,8,1,48,1135.8526211554502,6.106824594847349,163.75122364636982,8.191760746719767,45.17338238656521,1.95049613809406,254667,36381,/home/tomasruizt/code/vllm-scripts/experiments/adaptive_k/results/qwen3_32b_fp8_tp2_complete/SERVE--adaptive_k7-BENCH--c8/run=1.json
adaptive_k7,8,2,48,1151.9245118366005,6.273588427329573,159.39840676250128,8.315463967243439,46.916781924664974,1.9301893305717093,263613,37659,/home/tomasruizt/code/vllm-scripts/experiments/adaptive_k/results/qwen3_32b_fp8_tp2_complete/SERVE--adaptive_k7-BENCH--c8/run=2.json
adaptive_k7,16,0,64,1754.0802080770886,7.830558502006759,127.70481182711644,9.88284057599065,64.58426173776388,1.775095276079057,394905,56415,/home/tomasruizt/code/vllm-scripts/experiments/adaptive_k/results/qwen3_32b_fp8_tp2_complete/SERVE--adaptive_k7-BENCH--c16/run=0.json
adaptive_k7,16,1,64,1822.4294911124532,7.93866196036129,125.96581199616791,9.9413808809079,64.82611782848835,1.7634870652911396,402367,57481,/home/tomasruizt/code/vllm-scripts/experiments/adaptive_k/results/qwen3_32b_fp8_tp2_complete/SERVE--adaptive_k7-BENCH--c16/run=1.json
adaptive_k7,16,2,64,1779.8761921425307,7.871931875565893,127.03361967650572,9.840176610667596,64.10522805526853,1.775005799739458,392259,56037,/home/tomasruizt/code/vllm-scripts/experiments/adaptive_k/results/qwen3_32b_fp8_tp2_complete/SERVE--adaptive_k7-BENCH--c16/run=2.json
adaptive_k7,32,0,96,2910.4310175772816,9.31904833487811,107.30709446557235,11.607387874723134,79.50855884701014,1.73824518714664,586866,83838,/home/tomasruizt/code/vllm-scripts/experiments/adaptive_k/results/qwen3_32b_fp8_tp2_complete/SERVE--adaptive_k7-BENCH--c32/run=0.json
adaptive_k7,32,1,96,2864.352302695808,9.247596026713861,108.13621152040642,11.87700799044437,80.00634284690022,1.7222155443902203,582358,83194,/home/tomasruizt/code/vllm-scripts/experiments/adaptive_k/results/qwen3_32b_fp8_tp2_complete/SERVE--adaptive_k7-BENCH--c32/run=1.json
adaptive_k7,32,2,96,2849.797106042852,9.272540083931213,107.845314331177,11.889001571551397,78.93759617581964,1.709155513443089,591010,84430,/home/tomasruizt/code/vllm-scripts/experiments/adaptive_k/results/qwen3_32b_fp8_tp2_complete/SERVE--adaptive_k7-BENCH--c32/run=2.json
adaptive_k7,64,0,160,4858.001280791949,10.711493467755904,93.35766324371419,13.643499069761177,103.405075147748,2.1238201844721054,781690,111670,/home/tomasruizt/code/vllm-scripts/experiments/adaptive_k/results/qwen3_32b_fp8_tp2_complete/SERVE--adaptive_k7-BENCH--c64/run=0.json
adaptive_k7,64,1,160,4877.082267759927,10.745945092763751,93.05835748903961,13.967237949340944,103.56844309717417,2.1506417848901993,797853,113979,/home/tomasruizt/code/vllm-scripts/experiments/adaptive_k/results/qwen3_32b_fp8_tp2_complete/SERVE--adaptive_k7-BENCH--c64/run=1.json
adaptive_k7,64,2,160,4830.771820715151,10.746841798024821,93.05059279683373,14.154369092087565,103.25773479416966,2.119606312336073,797993,113999,/home/tomasruizt/code/vllm-scripts/experiments/adaptive_k/results/qwen3_32b_fp8_tp2_complete/SERVE--adaptive_k7-BENCH--c64/run=2.json
adaptive_k7,128,0,256,6112.826739789812,16.199676024511515,61.7296295609192,21.71945784147833,195.58168947696686,2.1889708792104097,1202852,171836,/home/tomasruizt/code/vllm-scripts/experiments/adaptive_k/results/qwen3_32b_fp8_tp2_complete/SERVE--adaptive_k7-BENCH--c128/run=0.json
adaptive_k7,128,1,256,6063.210469543359,16.11855057643715,62.04031778526331,21.537782698668973,234.28406426683068,2.1846796865567812,1217573,173939,/home/tomasruizt/code/vllm-scripts/experiments/adaptive_k/results/qwen3_32b_fp8_tp2_complete/SERVE--adaptive_k7-BENCH--c128/run=1.json
adaptive_k7,128,2,256,6047.289882509455,16.184762189629737,61.78651179939748,22.017682241670627,220.21017642691731,2.179235110580894,1220464,174352,/home/tomasruizt/code/vllm-scripts/experiments/adaptive_k/results/qwen3_32b_fp8_tp2_complete/SERVE--adaptive_k7-BENCH--c128/run=2.json
adaptive_k8,1,0,16,181.61829001035517,5.359028283148116,186.60099315851315,7.429774743679248,28.863947838544846,2.211117681845062,94696,11837,/home/tomasruizt/code/vllm-scripts/experiments/adaptive_k/results/qwen3_32b_fp8_tp2_complete/SERVE--adaptive_k8-BENCH--c1/run=0.json
adaptive_k8,1,1,16,187.17969442370747,5.253853924703499,190.33646811115614,7.054799221688033,28.542724903672934,2.204888195527821,92304,11538,/home/tomasruizt/code/vllm-scripts/experiments/adaptive_k/results/qwen3_32b_fp8_tp2_complete/SERVE--adaptive_k8-BENCH--c1/run=1.json
adaptive_k8,1,2,16,190.05631004870938,5.179974162458835,193.0511559782219,6.749430318122962,26.887498795986176,2.233248081841432,93840,11730,/home/tomasruizt/code/vllm-scripts/experiments/adaptive_k/results/qwen3_32b_fp8_tp2_complete/SERVE--adaptive_k8-BENCH--c1/run=2.json
adaptive_k8,8,0,48,975.8043076784844,6.764752578158868,147.82506654103904,21.652496839738937,55.42002059519291,1.906285964816134,291952,36494,/home/tomasruizt/code/vllm-scripts/experiments/adaptive_k/results/qwen3_32b_fp8_tp2_complete/SERVE--adaptive_k8-BENCH--c8/run=0.json
adaptive_k8,8,1,48,1086.2910171374199,6.70964495516844,149.03918265149036,8.895154336481763,46.282448805868626,1.897759751748918,293896,36737,/home/tomasruizt/code/vllm-scripts/experiments/adaptive_k/results/qwen3_32b_fp8_tp2_complete/SERVE--adaptive_k8-BENCH--c8/run=1.json
adaptive_k8,8,2,48,1075.8779386647511,6.844204281003866,146.10902289627833,8.744402105408133,50.01148488372564,1.8620625613541695,301528,37691,/home/tomasruizt/code/vllm-scripts/experiments/adaptive_k/results/qwen3_32b_fp8_tp2_complete/SERVE--adaptive_k8-BENCH--c8/run=2.json
adaptive_k8,16,0,64,1629.022491375378,8.42022562592826,118.76166321727968,11.247013983219368,70.9824189543724,1.7755266429684626,456856,57107,/home/tomasruizt/code/vllm-scripts/experiments/adaptive_k/results/qwen3_32b_fp8_tp2_complete/SERVE--adaptive_k8-BENCH--c16/run=0.json
adaptive_k8,16,1,64,1696.0284311040598,8.086437065570502,123.66385738135334,10.352514375452738,66.37479038909078,1.786130198915009,442400,55300,/home/tomasruizt/code/vllm-scripts/experiments/adaptive_k/results/qwen3_32b_fp8_tp2_complete/SERVE--adaptive_k8-BENCH--c16/run=1.json
adaptive_k8,16,2,64,1710.6318418921107,8.235595959561994,121.42412096345538,10.275654884921906,65.80510456115007,1.7725823776029936,461776,57722,/home/tomasruizt/code/vllm-scripts/experiments/adaptive_k/results/qwen3_32b_fp8_tp2_complete/SERVE--adaptive_k8-BENCH--c16/run=2.json
adaptive_k8,32,0,96,2760.641233175804,9.645734811988364,103.67276516426028,12.556550734456671,81.21849223971367,1.7250308847286895,673472,84184,/home/tomasruizt/code/vllm-scripts/experiments/adaptive_k/results/qwen3_32b_fp8_tp2_complete/SERVE--adaptive_k8-BENCH--c32/run=0.json
adaptive_k8,32,1,96,2764.1416526811736,9.535699443355549,104.8690770866103,12.158101468661396,81.88676461577415,1.7334255791206432,670672,83834,/home/tomasruizt/code/vllm-scripts/experiments/adaptive_k/results/qwen3_32b_fp8_tp2_complete/SERVE--adaptive_k8-BENCH--c32/run=1.json
adaptive_k8,32,2,96,2780.820511988183,9.627141753390012,103.87299009572278,12.330908561421127,81.53909910470247,1.741673455695596,667744,83468,/home/tomasruizt/code/vllm-scripts/experiments/adaptive_k/results/qwen3_32b_fp8_tp2_complete/SERVE--adaptive_k8-BENCH--c32/run=2.json
adaptive_k8,64,0,160,4649.63665862911,11.040103579546702,90.57886031546265,14.400221383826809,104.34004757553339,2.1353940627222876,888488,111061,/home/tomasruizt/code/vllm-scripts/experiments/adaptive_k/results/qwen3_32b_fp8_tp2_complete/SERVE--adaptive_k8-BENCH--c64/run=0.json
adaptive_k8,64,1,160,4694.946354731358,11.093431199623753,90.14343551649883,14.623075285397672,108.82204724475741,2.155942187458664,907208,113401,/home/tomasruizt/code/vllm-scripts/experiments/adaptive_k/results/qwen3_32b_fp8_tp2_complete/SERVE--adaptive_k8-BENCH--c64/run=1.json
adaptive_k8,64,2,160,4627.1399563340765,11.085427803649031,90.20851677648618,14.75123366956161,107.13737504556775,2.1564780182721197,913304,114163,/home/tomasruizt/code/vllm-scripts/experiments/adaptive_k/results/qwen3_32b_fp8_tp2_complete/SERVE--adaptive_k8-BENCH--c64/run=2.json
adaptive_k8,128,0,256,5853.415113849768,16.731195068109425,59.76859369155613,23.463411666221894,247.42567911744118,2.1760202329999316,1398112,174764,/home/tomasruizt/code/vllm-scripts/experiments/adaptive_k/results/qwen3_32b_fp8_tp2_complete/SERVE--adaptive_k8-BENCH--c128/run=0.json
adaptive_k8,128,1,256,5936.333534120495,16.65765919331463,60.03244443861231,22.437549928542076,229.0513957850635,2.203873728029602,1383680,172960,/home/tomasruizt/code/vllm-scripts/experiments/adaptive_k/results/qwen3_32b_fp8_tp2_complete/SERVE--adaptive_k8-BENCH--c128/run=1.json
adaptive_k8,128,2,256,5954.2701003360335,16.72142010453242,59.803533058113004,22.840613534801818,236.68199498206377,2.2045432150288953,1380168,172521,/home/tomasruizt/code/vllm-scripts/experiments/adaptive_k/results/qwen3_32b_fp8_tp2_complete/SERVE--adaptive_k8-BENCH--c128/run=2.json
fixed_k1,1,0,16,172.39016635072392,5.701329820467733,175.39767589133453,6.444278889810379,27.306328527629375,1.6264666281977305,15597,15597,/home/tomasruizt/code/vllm-scripts/experiments/adaptive_k/results/qwen3_32b_fp8_tp2_complete/SERVE--fixed_k1-BENCH--c1/run=0.json
fixed_k1,1,1,16,172.74720242491304,5.723230258671318,174.7265014342016,6.3593003757591,26.061336044222116,1.6292304783512952,15867,15867,/home/tomasruizt/code/vllm-scripts/experiments/adaptive_k/results/qwen3_32b_fp8_tp2_complete/SERVE--fixed_k1-BENCH--c1/run=1.json
fixed_k1,1,2,16,173.28529393179156,5.724559868573732,174.68591873581872,6.413350191898189,25.821279734373093,1.6346082205389296,16106,16106,/home/tomasruizt/code/vllm-scripts/experiments/adaptive_k/results/qwen3_32b_fp8_tp2_complete/SERVE--fixed_k1-BENCH--c1/run=2.json
fixed_k1,8,0,48,1150.8389857264642,6.395262052975213,156.36575823109212,7.123014293031439,42.160829063504934,1.608312707650456,44847,44847,/home/tomasruizt/code/vllm-scripts/experiments/adaptive_k/results/qwen3_32b_fp8_tp2_complete/SERVE--fixed_k1-BENCH--c8/run=0.json
fixed_k1,8,1,48,1169.9523670818214,6.125751511308919,163.24527662505938,6.966389708315086,42.21872054040432,1.6128886779017328,42130,42130,/home/tomasruizt/code/vllm-scripts/experiments/adaptive_k/results/qwen3_32b_fp8_tp2_complete/SERVE--fixed_k1-BENCH--c8/run=1.json
fixed_k1,8,2,48,1196.4003822160992,6.157372297171197,162.40694110041346,6.860456426567989,42.47949505224824,1.6098671476332922,45464,45464,/home/tomasruizt/code/vllm-scripts/experiments/adaptive_k/results/qwen3_32b_fp8_tp2_complete/SERVE--fixed_k1-BENCH--c8/run=2.json
fixed_k1,16,0,64,1921.03164459571,7.216833528748374,138.5649254643998,8.075376358557122,57.33433272689581,1.6096907957031377,61254,61254,/home/tomasruizt/code/vllm-scripts/experiments/adaptive_k/results/qwen3_32b_fp8_tp2_complete/SERVE--fixed_k1-BENCH--c16/run=0.json
fixed_k1,16,1,64,1919.1057622899723,7.187947038284484,139.1217818764933,7.8758271266851265,55.942879524081945,1.6100571500543162,63517,63517,/home/tomasruizt/code/vllm-scripts/experiments/adaptive_k/results/qwen3_32b_fp8_tp2_complete/SERVE--fixed_k1-BENCH--c16/run=1.json
fixed_k1,16,2,64,1934.3515649807307,7.151357805457386,139.8335850622485,8.00464892402758,55.452910251915455,1.6105662059741417,62804,62804,/home/tomasruizt/code/vllm-scripts/experiments/adaptive_k/results/qwen3_32b_fp8_tp2_complete/SERVE--fixed_k1-BENCH--c16/run=2.json
fixed_k1,32,0,96,3187.0564717298344,8.151036166921772,122.68378884860827,9.352820265290685,70.06902107968926,1.613386482106093,91316,91316,/home/tomasruizt/code/vllm-scripts/experiments/adaptive_k/results/qwen3_32b_fp8_tp2_complete/SERVE--fixed_k1-BENCH--c32/run=0.json
fixed_k1,32,1,96,3192.004066704469,8.162670168465137,122.50893143561066,9.154227045671096,69.92094963788986,1.6169377082459895,90638,90638,/home/tomasruizt/code/vllm-scripts/experiments/adaptive_k/results/qwen3_32b_fp8_tp2_complete/SERVE--fixed_k1-BENCH--c32/run=1.json
fixed_k1,32,2,96,3196.913958685948,8.199682302953166,121.95594451748988,9.00692147858856,69.95073985308409,1.6153501901991496,89380,89380,/home/tomasruizt/code/vllm-scripts/experiments/adaptive_k/results/qwen3_32b_fp8_tp2_complete/SERVE--fixed_k1-BENCH--c32/run=2.json
fixed_k1,64,0,160,5215.800580291536,9.981376330605002,100.18658418216228,11.60878040915631,82.43179600685835,1.6211118266862306,150617,150617,/home/tomasruizt/code/vllm-scripts/experiments/adaptive_k/results/qwen3_32b_fp8_tp2_complete/SERVE--fixed_k1-BENCH--c64/run=0.json
fixed_k1,64,1,160,5204.182931572243,10.012010746896209,99.88003661602208,11.636602352098128,82.06844236701727,1.6185850875571168,151444,151444,/home/tomasruizt/code/vllm-scripts/experiments/adaptive_k/results/qwen3_32b_fp8_tp2_complete/SERVE--fixed_k1-BENCH--c64/run=1.json
fixed_k1,64,2,160,5227.566517293384,10.025105883382203,99.74956989308393,11.59408619633271,81.91574551165104,1.6145588528181638,150630,150630,/home/tomasruizt/code/vllm-scripts/experiments/adaptive_k/results/qwen3_32b_fp8_tp2_complete/SERVE--fixed_k1-BENCH--c64/run=2.json
fixed_k1,128,0,256,6930.15423363507,14.675060648641,68.14281889135539,17.268903675318235,227.6676967740059,1.622178030064652,238353,238353,/home/tomasruizt/code/vllm-scripts/experiments/adaptive_k/results/qwen3_32b_fp8_tp2_complete/SERVE--fixed_k1-BENCH--c128/run=0.json
fixed_k1,128,1,256,6868.83222857256,14.70261431612016,68.01511476116092,17.103147074273753,169.6114162914455,1.617107925906994,238673,238673,/home/tomasruizt/code/vllm-scripts/experiments/adaptive_k/results/qwen3_32b_fp8_tp2_complete/SERVE--fixed_k1-BENCH--c128/run=1.json
fixed_k1,128,2,256,6864.261172783095,14.744797528220545,67.82053114571886,17.2223066599922,192.19354959204793,1.6182938679486525,234636,234636,/home/tomasruizt/code/vllm-scripts/experiments/adaptive_k/results/qwen3_32b_fp8_tp2_complete/SERVE--fixed_k1-BENCH--c128/run=2.json
fixed_k2,1,0,16,196.7072159270444,5.005369718133326,199.78544169818773,5.944829524662781,28.23590161278844,1.9511485897063099,27512,13756,/home/tomasruizt/code/vllm-scripts/experiments/adaptive_k/results/qwen3_32b_fp8_tp2_complete/SERVE--fixed_k2-BENCH--c1/run=0.json
fixed_k2,1,1,16,200.2891012184769,4.901634051287514,204.0135982279888,5.801958254868896,26.239824946969748,1.9817283563362609,25504,12752,/home/tomasruizt/code/vllm-scripts/experiments/adaptive_k/results/qwen3_32b_fp8_tp2_complete/SERVE--fixed_k2-BENCH--c1/run=1.json
fixed_k2,1,2,16,200.0291325578048,4.933857650241554,202.6811616567498,5.825815017399071,25.562990456819534,1.979393468118196,25720,12860,/home/tomasruizt/code/vllm-scripts/experiments/adaptive_k/results/qwen3_32b_fp8_tp2_complete/SERVE--fixed_k2-BENCH--c1/run=2.json
fixed_k2,8,0,48,1279.1418373183474,5.630930579896997,177.59053957619423,6.84859432250862,45.09634617716074,1.936782381887117,74378,37189,/home/tomasruizt/code/vllm-scripts/experiments/adaptive_k/results/qwen3_32b_fp8_tp2_complete/SERVE--fixed_k2-BENCH--c8/run=0.json
fixed_k2,8,1,48,1305.8063941746655,5.605823211938089,178.3859323052523,6.787870015343311,45.19330011680722,1.9266568483063329,74690,37345,/home/tomasruizt/code/vllm-scripts/experiments/adaptive_k/results/qwen3_32b_fp8_tp2_complete/SERVE--fixed_k2-BENCH--c8/run=1.json
fixed_k2,8,2,48,1280.368194023351,5.589977158374563,178.8916075447394,6.894943037940354,44.04169088229537,1.946458146669925,73662,36831,/home/tomasruizt/code/vllm-scripts/experiments/adaptive_k/results/qwen3_32b_fp8_tp2_complete/SERVE--fixed_k2-BENCH--c8/run=2.json
fixed_k2,16,0,64,2092.548915868328,6.533780043380932,153.05075979915384,7.720909416123447,59.02613187208772,1.9391205873164636,102432,51216,/home/tomasruizt/code/vllm-scripts/experiments/adaptive_k/results/qwen3_32b_fp8_tp2_complete/SERVE--fixed_k2-BENCH--c16/run=0.json
fixed_k2,16,1,64,2037.9366483074964,6.610422069338657,151.27627094165948,7.6793788086472645,59.75453043356538,1.924799754134573,104122,52061,/home/tomasruizt/code/vllm-scripts/experiments/adaptive_k/results/qwen3_32b_fp8_tp2_complete/SERVE--fixed_k2-BENCH--c16/run=1.json
fixed_k2,16,2,64,2117.7900128139827,6.527217100253833,153.204648265968,7.860618272997954,59.52999088913202,1.955576923076923,104000,52000,/home/tomasruizt/code/vllm-scripts/experiments/adaptive_k/results/qwen3_32b_fp8_tp2_complete/SERVE--fixed_k2-BENCH--c16/run=2.json
fixed_k2,32,0,96,3531.3575579333574,7.500181447770983,133.33010767322102,9.11739789190556,74.26789915189147,1.9694192526223775,146432,73216,/home/tomasruizt/code/vllm-scripts/experiments/adaptive_k/results/qwen3_32b_fp8_tp2_complete/SERVE--fixed_k2-BENCH--c32/run=0.json
fixed_k2,32,1,96,3455.4322802187135,7.481078009119916,133.67057512044863,8.927458795458557,74.60077432915568,1.9653679653679652,149688,74844,/home/tomasruizt/code/vllm-scripts/experiments/adaptive_k/results/qwen3_32b_fp8_tp2_complete/SERVE--fixed_k2-BENCH--c32/run=1.json
fixed_k2,32,2,96,3465.7731527740875,7.446250966993493,134.29576902962768,9.234230169496406,74.3454028852284,1.959131443195905,150042,75021,/home/tomasruizt/code/vllm-scripts/experiments/adaptive_k/results/qwen3_32b_fp8_tp2_complete/SERVE--fixed_k2-BENCH--c32/run=2.json
fixed_k2,64,0,160,5186.096918956878,10.071121900117202,99.29380360179759,12.145375292061207,89.00797925889492,1.9591454425503148,245554,122777,/home/tomasruizt/code/vllm-scripts/experiments/adaptive_k/results/qwen3_32b_fp8_tp2_complete/SERVE--fixed_k2-BENCH--c64/run=0.json
fixed_k2,64,1,160,5187.15407661506,9.941505244459474,100.58838932437445,12.335169129552115,88.97310122847557,1.9579607856208388,240014,120007,/home/tomasruizt/code/vllm-scripts/experiments/adaptive_k/results/qwen3_32b_fp8_tp2_complete/SERVE--fixed_k2-BENCH--c64/run=1.json
fixed_k2,64,2,160,5231.2063462527685,9.993362904491935,100.06641503537395,12.5203940269788,88.93378498032689,1.9572615524698382,246008,123004,/home/tomasruizt/code/vllm-scripts/experiments/adaptive_k/results/qwen3_32b_fp8_tp2_complete/SERVE--fixed_k2-BENCH--c64/run=2.json
fixed_k2,128,0,256,6560.180420547149,15.551622670587891,64.3019716451362,19.173551172711424,184.18231327086687,1.9587896722495093,393348,196674,/home/tomasruizt/code/vllm-scripts/experiments/adaptive_k/results/qwen3_32b_fp8_tp2_complete/SERVE--fixed_k2-BENCH--c128/run=0.json
fixed_k2,128,1,256,6577.115080756241,15.64774775194125,63.90696065994166,19.397605803458937,245.60790974646807,1.9612148417466018,393862,196931,/home/tomasruizt/code/vllm-scripts/experiments/adaptive_k/results/qwen3_32b_fp8_tp2_complete/SERVE--fixed_k2-BENCH--c128/run=1.json
fixed_k2,128,2,256,6513.842747753889,15.501106037087247,64.5115256683907,19.34668000433981,189.20002598315477,1.9609801674564582,387444,193722,/home/tomasruizt/code/vllm-scripts/experiments/adaptive_k/results/qwen3_32b_fp8_tp2_complete/SERVE--fixed_k2-BENCH--c128/run=2.json
fixed_k3,1,0,16,210.84418979977002,4.603739691607956,217.2147139037586,6.0048712621522045,28.42801995575428,2.163290113452188,37020,12340,/home/tomasruizt/code/vllm-scripts/experiments/adaptive_k/results/qwen3_32b_fp8_tp2_complete/SERVE--fixed_k3-BENCH--c1/run=0.json
fixed_k3,1,1,16,212.7634513682348,4.645582331608742,215.25826658930504,5.793862297858109,27.061448898166418,2.18209129600267,35949,11983,/home/tomasruizt/code/vllm-scripts/experiments/adaptive_k/results/qwen3_32b_fp8_tp2_complete/SERVE--fixed_k3-BENCH--c1/run=1.json
fixed_k3,1,2,16,220.82134335319975,4.387340999313489,227.92848792844583,5.679718567386987,25.555151980370283,2.186663361427863,36306,12102,/home/tomasruizt/code/vllm-scripts/experiments/adaptive_k/results/qwen3_32b_fp8_tp2_complete/SERVE--fixed_k3-BENCH--c1/run=2.json
fixed_k3,8,0,48,1357.259938705059,5.437889880633087,183.89486031364405,6.89501355762827,45.930552296340466,2.1143615469871087,102858,34286,/home/tomasruizt/code/vllm-scripts/experiments/adaptive_k/results/qwen3_32b_fp8_tp2_complete/SERVE--fixed_k3-BENCH--c8/run=0.json
fixed_k3,8,1,48,1364.152885871681,5.500721297957982,181.7943403842742,6.781272971896914,46.62726493552327,2.112513946796641,102174,34058,/home/tomasruizt/code/vllm-scripts/experiments/adaptive_k/results/qwen3_32b_fp8_tp2_complete/SERVE--fixed_k3-BENCH--c8/run=1.json
fixed_k3,8,2,48,1311.6366069281958,5.467934148431095,182.88442633986884,6.928306529433906,46.380864921957254,2.1009966777408637,99330,33110,/home/tomasruizt/code/vllm-scripts/experiments/adaptive_k/results/qwen3_32b_fp8_tp2_complete/SERVE--fixed_k3-BENCH--c8/run=2.json
fixed_k3,16,0,64,2258.1283175255676,6.101500319930304,163.8941158019021,7.515397592535097,59.60556911304593,2.099709400269542,142464,47488,/home/tomasruizt/code/vllm-scripts/experiments/adaptive_k/results/qwen3_32b_fp8_tp2_complete/SERVE--fixed_k3-BENCH--c16/run=0.json
fixed_k3,16,1,64,2261.5649820085905,5.980082824512442,167.22176420383113,7.318222076046062,59.353220742195845,2.119289125565276,141966,47322,/home/tomasruizt/code/vllm-scripts/experiments/adaptive_k/results/qwen3_32b_fp8_tp2_complete/SERVE--fixed_k3-BENCH--c16/run=1.json
fixed_k3,16,2,64,2261.7861575291613,6.064920555836597,164.8826214281812,7.636794601283494,59.748340398073196,2.0963432820146606,142833,47611,/home/tomasruizt/code/vllm-scripts/experiments/adaptive_k/results/qwen3_32b_fp8_tp2_complete/SERVE--fixed_k3-BENCH--c16/run=2.json
fixed_k3,32,0,96,3678.902252446507,7.146891224677862,139.92097662645955,8.92524256111174,76.44184026867151,2.1494400560673976,205467,68489,/home/tomasruizt/code/vllm-scripts/experiments/adaptive_k/results/qwen3_32b_fp8_tp2_complete/SERVE--fixed_k3-BENCH--c32/run=0.json
fixed_k3,32,1,96,3736.1165698683026,7.09330274820138,140.97805148011847,9.13827533463089,77.06971233710647,2.1504139085106697,202581,67527,/home/tomasruizt/code/vllm-scripts/experiments/adaptive_k/results/qwen3_32b_fp8_tp2_complete/SERVE--fixed_k3-BENCH--c32/run=1.json
fixed_k3,32,2,96,3675.3491868416304,7.157021875729359,139.72292070129964,9.246161016189255,76.3972899876535,2.1258427969696516,201561,67187,/home/tomasruizt/code/vllm-scripts/experiments/adaptive_k/results/qwen3_32b_fp8_tp2_complete/SERVE--fixed_k3-BENCH--c32/run=2.json
fixed_k3,64,0,160,5303.349303894781,9.99278110444452,100.07224110565446,12.68963620347092,95.80941451713443,2.132636099805026,333891,111297,/home/tomasruizt/code/vllm-scripts/experiments/adaptive_k/results/qwen3_32b_fp8_tp2_complete/SERVE--fixed_k3-BENCH--c64/run=0.json
fixed_k3,64,1,160,5327.531381228751,10.007480484055295,99.92525107526102,12.882617283062277,99.09242764115334,2.1480901216874226,337011,112337,/home/tomasruizt/code/vllm-scripts/experiments/adaptive_k/results/qwen3_32b_fp8_tp2_complete/SERVE--fixed_k3-BENCH--c64/run=1.json
fixed_k3,64,2,160,5295.605424512554,10.088266030452848,99.12506242216051,12.89935025673052,98.48351823166013,2.1409617546313098,338943,112981,/home/tomasruizt/code/vllm-scripts/experiments/adaptive_k/results/qwen3_32b_fp8_tp2_complete/SERVE--fixed_k3-BENCH--c64/run=2.json
fixed_k3,128,0,256,6355.446577906851,15.93406954161513,62.758606480804694,20.997556274046392,199.99571656808257,2.139782407016952,533565,177855,/home/tomasruizt/code/vllm-scripts/experiments/adaptive_k/results/qwen3_32b_fp8_tp2_complete/SERVE--fixed_k3-BENCH--c128/run=0.json
fixed_k3,128,1,256,6415.601991967387,15.959438260255219,62.65884699027046,20.242905947204605,233.2275351509452,2.1590375916218614,534534,178178,/home/tomasruizt/code/vllm-scripts/experiments/adaptive_k/results/qwen3_32b_fp8_tp2_complete/SERVE--fixed_k3-BENCH--c128/run=1.json
fixed_k3,128,2,256,6392.616445991122,15.916411016354052,62.82823426540718,20.959047722656955,185.77195471152663,2.142647995619084,536874,178958,/home/tomasruizt/code/vllm-scripts/experiments/adaptive_k/results/qwen3_32b_fp8_tp2_complete/SERVE--fixed_k3-BENCH--c128/run=2.json
fixed_k5,1,0,16,207.7085157255418,4.747290806544794,210.6464593703344,6.1724983304493275,28.38732535019517,2.295560329394916,55860,11172,/home/tomasruizt/code/vllm-scripts/experiments/adaptive_k/results/qwen3_32b_fp8_tp2_complete/SERVE--fixed_k5-BENCH--c1/run=0.json
fixed_k5,1,1,16,210.7171461452457,4.561897538502519,219.20702768091067,6.100153162735129,26.6919806599617,2.3290000890392664,56155,11231,/home/tomasruizt/code/vllm-scripts/experiments/adaptive_k/results/qwen3_32b_fp8_tp2_complete/SERVE--fixed_k5-BENCH--c1/run=1.json
fixed_k5,1,2,16,214.9664543915995,4.491735752499069,222.63108408450555,5.900513955756374,26.43850538879633,2.28272759350741,56680,11336,/home/tomasruizt/code/vllm-scripts/experiments/adaptive_k/results/qwen3_32b_fp8_tp2_complete/SERVE--fixed_k5-BENCH--c1/run=2.json
fixed_k5,8,0,48,1295.6166368603992,5.58239652705346,179.1345339145636,7.254893980321204,49.073828384280205,2.2395133183968134,160680,32136,/home/tomasruizt/code/vllm-scripts/experiments/adaptive_k/results/qwen3_32b_fp8_tp2_complete/SERVE--fixed_k5-BENCH--c8/run=0.json
fixed_k5,8,1,48,1275.004386144048,5.4695081808101405,182.8317952807012,7.262510233651537,47.57879953831434,2.2215987489651363,163065,32613,/home/tomasruizt/code/vllm-scripts/experiments/adaptive_k/results/qwen3_32b_fp8_tp2_complete/SERVE--fixed_k5-BENCH--c8/run=1.json
fixed_k5,8,2,48,1296.7063584704415,5.561258947806945,179.81539960377947,7.008791336557828,48.7670018337667,2.2464739176992503,163425,32685,/home/tomasruizt/code/vllm-scripts/experiments/adaptive_k/results/qwen3_32b_fp8_tp2_complete/SERVE--fixed_k5-BENCH--c8/run=2.json
fixed_k5,16,0,64,2163.712953527459,6.429331271210603,155.5371714128064,8.102910508900996,64.41733380779624,2.227470437804638,228755,45751,/home/tomasruizt/code/vllm-scripts/experiments/adaptive_k/results/qwen3_32b_fp8_tp2_complete/SERVE--fixed_k5-BENCH--c16/run=0.json
fixed_k5,16,1,64,2131.7279905246432,6.4048745423104885,156.13108319203096,8.111701775870124,64.80708485469222,2.2243224677022626,225635,45127,/home/tomasruizt/code/vllm-scripts/experiments/adaptive_k/results/qwen3_32b_fp8_tp2_complete/SERVE--fixed_k5-BENCH--c16/run=1.json
fixed_k5,16,2,64,2163.5626908203544,6.312970849654398,158.40402622083147,8.206486257166574,64.27762610837817,2.25212621855084,225165,45033,/home/tomasruizt/code/vllm-scripts/experiments/adaptive_k/results/qwen3_32b_fp8_tp2_complete/SERVE--fixed_k5-BENCH--c16/run=2.json
fixed_k5,32,0,96,3290.2688362481576,8.097262814356109,123.4985232573953,11.067582415990946,85.31967317685485,2.283953585280636,311970,62394,/home/tomasruizt/code/vllm-scripts/experiments/adaptive_k/results/qwen3_32b_fp8_tp2_complete/SERVE--fixed_k5-BENCH--c32/run=0.json
fixed_k5,32,1,96,3234.2508017008863,8.057841967880494,124.10270690168878,10.89534371214348,85.46335250139236,2.2841851419681056,321375,64275,/home/tomasruizt/code/vllm-scripts/experiments/adaptive_k/results/qwen3_32b_fp8_tp2_complete/SERVE--fixed_k5-BENCH--c32/run=1.json
fixed_k5,32,2,96,3287.5055889481127,8.157282876388571,122.58983967498801,10.594414155220527,85.4427651502192,2.2794366287045014,313470,62694,/home/tomasruizt/code/vllm-scripts/experiments/adaptive_k/results/qwen3_32b_fp8_tp2_complete/SERVE--fixed_k5-BENCH--c32/run=2.json
fixed_k5,64,0,160,4361.580971728332,12.587018800813171,79.44692987472109,16.135757520231156,115.8125912770629,2.2573640036713565,528415,105683,/home/tomasruizt/code/vllm-scripts/experiments/adaptive_k/results/qwen3_32b_fp8_tp2_complete/SERVE--fixed_k5-BENCH--c64/run=0.json
fixed_k5,64,1,160,4375.916946948713,12.438715752247449,80.39415160840204,16.059993349316514,116.41988670453429,2.268375004713957,530340,106068,/home/tomasruizt/code/vllm-scripts/experiments/adaptive_k/results/qwen3_32b_fp8_tp2_complete/SERVE--fixed_k5-BENCH--c64/run=1.json
fixed_k5,64,2,160,4372.920330958827,12.190733100319436,82.0295212577328,16.43548202623113,117.84349754452705,2.285932149742468,521295,104259,/home/tomasruizt/code/vllm-scripts/experiments/adaptive_k/results/qwen3_32b_fp8_tp2_complete/SERVE--fixed_k5-BENCH--c64/run=2.json
fixed_k5,128,0,256,5087.294411155866,20.36862317194949,49.095120055887875,27.491621619625477,264.6260727196932,2.277529483339573,854720,170944,/home/tomasruizt/code/vllm-scripts/experiments/adaptive_k/results/qwen3_32b_fp8_tp2_complete/SERVE--fixed_k5-BENCH--c128/run=0.json
fixed_k5,128,1,256,5107.356095359643,20.28502121829579,49.297458910127446,27.738915225513594,225.2002852037549,2.2768020133633446,846345,169269,/home/tomasruizt/code/vllm-scripts/experiments/adaptive_k/results/qwen3_32b_fp8_tp2_complete/SERVE--fixed_k5-BENCH--c128/run=1.json
fixed_k5,128,2,256,5127.710646801232,20.451848526920365,48.89533572888141,26.861778854931554,229.3395083397627,2.284467547898411,841625,168325,/home/tomasruizt/code/vllm-scripts/experiments/adaptive_k/results/qwen3_32b_fp8_tp2_complete/SERVE--fixed_k5-BENCH--c128/run=2.json
fixed_k8,1,0,16,191.68457449842063,5.024462682189478,199.02625678657373,6.870107023760243,31.222567427903414,2.3564613246873556,86360,10795,/home/tomasruizt/code/vllm-scripts/experiments/adaptive_k/results/qwen3_32b_fp8_tp2_complete/SERVE--fixed_k8-BENCH--c1/run=0.json
fixed_k8,1,1,16,191.99643699797323,5.020364310166541,199.18873177688312,6.85980900146375,30.171082820743322,2.3564613246873556,86360,10795,/home/tomasruizt/code/vllm-scripts/experiments/adaptive_k/results/qwen3_32b_fp8_tp2_complete/SERVE--fixed_k8-BENCH--c1/run=1.json
fixed_k8,1,2,16,191.20769455042839,5.0814609674797815,196.7937973743727,6.75572787216329,28.890435118228197,2.3464524282361436,88624,11078,/home/tomasruizt/code/vllm-scripts/experiments/adaptive_k/results/qwen3_32b_fp8_tp2_complete/SERVE--fixed_k8-BENCH--c1/run=2.json
fixed_k8,8,0,48,1124.5150601790572,6.525737593568312,153.23938262328966,8.707981299370825,55.89313060045242,2.317344601787039,248008,31001,/home/tomasruizt/code/vllm-scripts/experiments/adaptive_k/results/qwen3_32b_fp8_tp2_complete/SERVE--fixed_k8-BENCH--c8/run=0.json
fixed_k8,8,1,48,1078.5498145695167,6.604281417219288,151.41692741813037,8.910346764165887,56.053321808576584,2.2933454345077955,246808,30851,/home/tomasruizt/code/vllm-scripts/experiments/adaptive_k/results/qwen3_32b_fp8_tp2_complete/SERVE--fixed_k8-BENCH--c8/run=1.json
fixed_k8,8,2,48,1099.2935268686047,6.703173297875514,149.1830742787058,8.992601086052577,55.49119086936116,2.2940073089486113,247368,30921,/home/tomasruizt/code/vllm-scripts/experiments/adaptive_k/results/qwen3_32b_fp8_tp2_complete/SERVE--fixed_k8-BENCH--c8/run=2.json
fixed_k8,16,0,64,1718.286947742613,8.007164289069266,124.88815814171807,10.738238516416585,83.17922335118055,2.286116256712078,341176,42647,/home/tomasruizt/code/vllm-scripts/experiments/adaptive_k/results/qwen3_32b_fp8_tp2_complete/SERVE--fixed_k8-BENCH--c16/run=0.json
fixed_k8,16,1,64,1680.148390116576,8.06712946399746,123.95983037868287,10.805409727036942,83.78754323348403,2.259700136301681,352160,44020,/home/tomasruizt/code/vllm-scripts/experiments/adaptive_k/results/qwen3_32b_fp8_tp2_complete/SERVE--fixed_k8-BENCH--c16/run=1.json
fixed_k8,16,2,64,1704.697662326838,8.149810365068806,122.70224154983235,10.505629233115448,83.14221166074276,2.249849165381779,358008,44751,/home/tomasruizt/code/vllm-scripts/experiments/adaptive_k/results/qwen3_32b_fp8_tp2_complete/SERVE--fixed_k8-BENCH--c16/run=2.json
fixed_k8,32,0,96,2325.748576390443,12.154585656604871,82.27347506960011,16.43167348746001,109.95274409651756,2.3225083633150287,506976,63372,/home/tomasruizt/code/vllm-scripts/experiments/adaptive_k/results/qwen3_32b_fp8_tp2_complete/SERVE--fixed_k8-BENCH--c32/run=0.json
fixed_k8,32,1,96,2311.3845060012336,12.224616446280999,81.80215750689031,15.998353673419087,111.21063167229295,2.3273830659479002,495664,61958,/home/tomasruizt/code/vllm-scripts/experiments/adaptive_k/results/qwen3_32b_fp8_tp2_complete/SERVE--fixed_k8-BENCH--c32/run=1.json
fixed_k8,32,2,96,2292.6710449788898,12.407282152109886,80.59782857682073,16.204735664491448,111.63276294246316,2.3194954021014507,512408,64051,/home/tomasruizt/code/vllm-scripts/experiments/adaptive_k/results/qwen3_32b_fp8_tp2_complete/SERVE--fixed_k8-BENCH--c32/run=2.json
fixed_k8,64,0,160,3121.1682779053926,17.792255147401278,56.20422997059252,23.800235772522147,159.79783795773983,2.3279734012560516,822896,102862,/home/tomasruizt/code/vllm-scripts/experiments/adaptive_k/results/qwen3_32b_fp8_tp2_complete/SERVE--fixed_k8-BENCH--c64/run=0.json
fixed_k8,64,1,160,3048.001922882067,18.267918361387324,54.74077452161642,24.59909456368712,161.45176254212856,2.3098613251155626,830720,103840,/home/tomasruizt/code/vllm-scripts/experiments/adaptive_k/results/qwen3_32b_fp8_tp2_complete/SERVE--fixed_k8-BENCH--c64/run=1.json
fixed_k8,64,2,160,3076.092378783905,18.414910811990723,54.30381988865555,25.030053745375966,161.8773965165019,2.329241611647854,826384,103298,/home/tomasruizt/code/vllm-scripts/experiments/adaptive_k/results/qwen3_32b_fp8_tp2_complete/SERVE--fixed_k8-BENCH--c64/run=2.json
fixed_k8,128,0,256,3815.4032710413467,28.696919328669626,34.84694606228868,38.5603487002875,327.26659439504147,2.3339573969837604,1311832,163979,/home/tomasruizt/code/vllm-scripts/experiments/adaptive_k/results/qwen3_32b_fp8_tp2_complete/SERVE--fixed_k8-BENCH--c128/run=0.json
fixed_k8,128,1,256,3711.40662340522,28.859078972649396,34.651140493698,40.33663447329369,299.0833278745413,2.3293626256380415,1319664,164958,/home/tomasruizt/code/vllm-scripts/experiments/adaptive_k/results/qwen3_32b_fp8_tp2_complete/SERVE--fixed_k8-BENCH--c128/run=1.json
fixed_k8,128,2,256,3758.0052042879397,28.886284730869278,34.61850526354993,40.3609847346473,264.162574429065,2.3332559106134325,1308832,163604,/home/tomasruizt/code/vllm-scripts/experiments/adaptive_k/results/qwen3_32b_fp8_tp2_complete/SERVE--fixed_k8-BENCH--c128/run=2.json
